"wd_id","wd_id_new","population","name_ar","name_bn","name_de","name_en","name_es","name_fr","name_el","name_hi","name_hu","name_id","name_it","name_ja","name_ko","name_nl","name_pl","name_pt","name_ru","name_sv","name_tr","name_vi","name_zh"
"Q597311","","","","","Drūkšiai","Lake Drūkšiai","Lago Drūkšiai","lac Drūkšiai","","","","","","ドゥルークシェイ湖","","Drūkšiaimeer","Dryświaty","","Дрисвяты","Vozera Drysvjaty","Drukşiai Gölü","",""
"Q949985","","","","","Lough Conn","Lough Conn","","Lough Conn","","","","","Lough Conn","","","Lough Conn","","","Лох-Конн","","","",""
"Q905632","","","","","Breimsvatnet","Breimsvatn","","Breimsvatnet","","","","","","","","Breimsvatn","","","Бреймсватн","","","",""
"Q2492869","","","","","","Lake Dysnai","","","","","","","","","","","Dzisna","","Диснай","","","",""
"Q2371127","","","","","","Lake Dusia","","lac Dusia","","","","","","","","","Jezioro Duś","","Дуся","","","",""
"Q1708169","","","","","Sperillen","Sperillen","","Sperillen","","","","","","","","Sperillen","","","Спериллен","","","",""
"Q1768048","","","","","Lough Mask","Lough Mask","","Lough Mask","","","","","Lough Mask","","","Lough Mask","","","Лох-Маск","","","",""
"Q2301965","","","بحيرة توتاك","","Totak","Totak","","Totak","","","","","","","","Totak","","","Тутак","","","",""
"Q3776146","","","","","","Lough Melvin","","Lough Melvin","","","","","","メルヴィン湖","","","","","Лох-Мелвин","","","",""
"Q651289","","","","","Songavatn","","","","","","","","","","","","","","","","","",""
"Q11853517","","","","","Aurejärvi","","","","","","","","","","","","","","","","","",""
"Q5096953","","","","","Storglomvatnet","Storglomvatnet","","","","","","","","","","","","","","","","",""
"Q3079094","","","","","","Poulaphouca Reservoir","","réservoir Poulaphouca","","","","","","","","","","","","","","",""
"Q15277947","","","","","Sirdalsvatnet","Sirdalsvatnet","","Sirdalsvatnet","","","","","","","","","","","","","","",""
"Q8011404","","","","","Mårvatn","Mår","","Mår","","","","","","","","","","","","","","",""
"Q7361716","","","","","Tunhovdfjorden","Tunhovdfjorden","","Tunhovdfjorden","","","","","","","","","","","","","","",""
"Q6514515","","","","","Sølensjøen","Sølensjøen","","Sølensjøen","","","","","","","","","","","","","","",""
"Q6513796","","","","","Leksdalsvatnet","Leksdalsvatnet","","Leksdalsvatnet","","","","","","","","","","","","","","",""
"Q6486963","","","","","Langvatnet","Langvatnet","","Langvatnet i Rana","","","","","","","","","","","","","","",""
"Q5566023","","","","","Gjevillvatnet","Gjevilvatnet","","Gjevillvatnet","","","","","","","","","","","","","","",""
"Q1434743","","","","","Flåvatn","Flåvatn","","Flåvatn","","","","","","","","","","","","","","",""
"Q1427932","","","","","Svartevatnet","Svartevatnet","","Svartevatnet i Tromsø","","","","","","","","","","","","","","",""
"Q4562843","","","","","Storakersvatnet","Storakersvatnet","","Storakersvatnet","","","","","","","","","","","","","","",""
"Q1144478","","","","","Eikeren","Eikeren","","Eikeren","","","","","","","","","","","","","","",""
"Q1144469","","","","","Osensjøen","Osensjø","","Osensjøen","","","","","","","","","","","","","","",""
"Q1144465","","","","","Tokke","Toke","","Innsjøen Tokke","","","","","","","","","","","","","","",""
"Q1332983","","","","","Strandavatnet","Strandavatnet","","Strandavatnet","","","","","","","","","","","","","","",""
"Q887052","","","","","Blåsjø","","","Blåsjø","","","","","","","","","","","","","","",""
"Q657862","","","بحيرة لونديفات","","Lundevatnet","Lundevatn","","Lundevatnet","","","","","","","","","","","","","","",""
"Q6875872","","","","","","","","","","","","","","","","Lower Lough Erne","","","","","","",""
"Q1772371","","","","","Kallvatnet","Kallvatnet","","Kallvatnet","","","","","","","","Kallvatnet","","","","","","",""
"Q1771514","","","","","Balvatnet","Balvatnet","","Balvatnet","","","","","","","","Balvatnet","","","","","","",""
"Q3357804","","","","","Esandsjøen","Esandsjøen","","Esandsjøen","","","","","","","","Esandsjøen","","","","","","",""
"Q3356657","","","","","Vansjø","Vansjø","","Vansjø","","","","","","","","Vansjø","","","","","","",""
"Q1785536","","","","","Suldalsvatnet","Suldalsvatnet","","Suldalsvatnet","","","","","","","","Suldalsvatnet","","","","","","",""
"Q1519876","","","","","Rosskreppfjord","Rosskreppfjorden","","Rosskreppfjorden","","","","","","","","Rosskreppfjord","","","","","","",""
"Q1477849","","","","","Oppstrynsvatnet","Oppstrynsvatn","","Oppstrynsvatnet","","","","","","","","Oppstrynsvatnet","","","","","","",""
"Q1477804","","","","","Vinstri","Vinstre","","Vinstre","","","","","","","","Vinstri","","","","","","",""
"Q1772651","","","بحيرة فيرين","","Feren","Feren","","Feren","","","","","","","","Feren","","","","","","",""
"Q1772639","","","","","Bangsjøan","Bangsjøan","","Bangsjøan","","","","","","","","Bangsjøan","","","","","","",""
"Q1772375","","","","","Djupsvatnet","Djupsvatnet","","Djupsvatnet","","","","","","","","Djupsvatnet","","","","","","",""
"Q945079","","","بحيرة هاردالسجون","","Hurdalssjøen","Hurdalsjøen","","Hurdalssjøen","","","","","","","","Hurdalsjøen","","","","","","",""
"Q991264","","","","","Aursjøen","Aursjøen","","Aursjøen","","","","","","","","Aursjøen","","","","","","",""
"Q943484","","","","","Storsjøen","Storsjøen","","Storsjøen i Rendalen","","","","","","","","Storsjøen","","","","","","",""
"Q654083","","","","","Fyresvatnet","Fyresvatn","","Fyresvatn","","","","","","","","Fyresvatn","","","","","","",""
"Q24331506","","","","","","","","","","","","","","","","","","","","Irnijärvi","","",""
"Q11857984","","","","","Enonvesi","Enonvesi","","","","","","","","","","","","","","Enonvesi","","",""
"Q18290977","","","","","Pyhäjärvi","Pyhäjärvi","","","","","","","","","","","","","","Pyhäjärvi","","",""
"Q18139718","","","","","","Sitojaure","","Sitojaure","","","","","","","","","","","","Sitojaure","","",""
"Q17711916","","","","","","Dalkarlsaspen","","Dalkarlsaspen","","","","","","","","","","","","Dalkarlsaspen","","",""
"Q17525285","","","","","","Ormsjön","","Ormsjön","","","","","","","","","","","","Ormsjön","","",""
"Q15284721","","","","","","Mávasjávrre","","Mavasjaure","","","","","","","","","","","","Mavasjaure","","",""
"Q15284711","","","","","","Pieskehaure","","Pieskehaure","","","","","","","","","","","","Pieskehaure","","",""
"Q18181015","","","","","Ullvettern","","","Ullvettern","","","","","","","","","","","","Ullvettern","","",""
"Q21856416","","","","","","","","Norra Dellen","","","","","","","","","","","","Norra Dellen","","",""
"Q18187398","","","","","","","","Halvarsnoren","","","","","","","","","","","","Halvarsnoren","","",""
"Q18182547","","","","","","","","Östra Silen","","","","","","","","","","","","Östra Silen","","",""
"Q18182522","","","","","","","","Västra Silen","","","","","","","","","","","","Västra Silen","","",""
"Q18135537","","","","","","","","Saddajaure","","","","","","","","","","","","Saddajaure","","",""
"Q18101574","","","","","","","","Stor-Jorm","","","","","","","","","","","","Stor-Jorm","","",""
"Q18097154","","","","","","","","Lofssjön","","","","","","","","","","","","Lofssjön","","",""
"Q18001149","","","","","","","","Storsjön","","","","","","","","","","","","Storsjön","","",""
"Q7362010","","","","","Ähtärinjärvi","Ähtärinjärvi","","","","","","","","","","","Ähtärinjärvi","","","Ähtärinjärvi","","",""
"Q11851091","","","","","Alvajärvi","","","","","","","","","","","","","","","Alvajärvi","","",""
"Q7362247","","","","","Vesijärvi","Vesijärvi","","","","","","","","","","","","","","Vesijärvi","","",""
"Q7264607","","","","","Pääjärvi","Pääjärvi","","","","","","","","","","","","","","Pääjärvi","","",""
"Q7362086","","","أيزو لامو جيرفي","","Iso Lamujärvi","Iso Lamujärvi","","","","","","","","","","","","","","Iso Lamujärvi","","",""
"Q7278418","","","رانوجيرفي","","Raanujärvi","Raanujärvi","","","","","","","","","","","","","","Raanujärvi","","",""
"Q7362763","","","سورنوجيرفي","","Surnujärvi","Surnujärvi","","","","","","","","","","","","","","Surnujärvi","","",""
"Q7362340","","","تايراجارفي","","Tyräjärvi","Tyräjärvi","","","","","","","","","","","","","","Tyräjärvi","","",""
"Q7362331","","","بحيرة توافيسي","","Toisvesi","Toisvesi","","","","","","","","","","","","","","Toisvesi","","",""
"Q7362108","","","ايسو روين","","Iso-Roine","Iso-Roine","","","","","","","","","","","","","","Iso Roinevesi","","",""
"Q7362795","","","سيسما","","Sysmä","Lake Sysmä","","","","","","","","","","","","","","Sysmäjärvi","","",""
"Q10723991","","","","","","Yxningen","","Yxningen","","","","","","","","","","","","Yxningen","","",""
"Q10723589","","","","","","Yngen lake","","Yngen","","","","","","","","","","","","Yngen","","",""
"Q10680992","","","","","","Stora Gla","","Stora Gla","","","","","","","","","","","","Stora Gla","","",""
"Q10673186","","","","","","Solgen","","Solgen","","","","","","","","","","","","Solgen","","",""
"Q10657900","","","","","","Rusken","","Rusken","","","","","","","","","","","","Rusken","","",""
"Q10488281","","","","","","Erken","","Erken","","","","","","","","","","","","Erken","","",""
"Q10428621","","","","","","Bergviken","","Bergviken","","","","","","","","","","","","Bergviken","","",""
"Q10713975","","","","","Venjanssjön","","","Venjanssjön","","","","","","","","","","","","Venjanssjön","","",""
"Q7263048","","","","","Pyhäjärvi","Pyhäjärvi","","","","","","","","","","","","","","Pyhäjärvi","","",""
"Q6427335","","","","","Kolkonjärvi","Kolkonjärvi","","","","","","","","","","","","","","Kolkonjärvi","","",""
"Q5682511","","","","","Hauhonselkä","Hauhonselkä","","","","","","","","","","","","","","Hauhonselkä","","",""
"Q5400187","","","","","Kukkia","Kukkia","","","","","","","","","","","","","","Kukkia","","",""
"Q5392942","","","","","Kivesjärvi","Kivesjärvi","","","","","","","","","","","","","","Kivesjärvi","","",""
"Q6478200","","","بحيرة أونوري","","Unari","Lake Unari","","","","","","","","","","","","","","Unari","","",""
"Q6466549","","","لاكا جيرفي","","Laakajärvi","Laakajärvi","","","","","","","","","","","","","","Laakajärvi","","",""
"Q6445237","","","كوهيجارفي","","Kuohijärvi","Kuohijärvi","","","","","","","","","","","","","","Kuohijärvi","","",""
"Q7258992","","","بيهوس جيرفي","","Puhosjärvi","Puhosjärvi","","","","","","","","","","","","","","Puhosjärvi","","",""
"Q6275623","","","جونكو","","Jonku","Jonku","","","","","","","","","","","","","","Jongunjärvi","","",""
"Q6085205","","","أيزو فياتونين","","Iso-Vietonen","Iso-Vietonen","","","","","","","","","","","","","","Iso Vietonen","","",""
"Q5489998","","","","","","Uljua Reservoir","","","","","","","","","","","","","","Uljuan tekojärvi","","",""
"Q3445333","","","","","","Unden","","Unden","","","","","","","","","","","","Unden","","",""
"Q3378745","","","","","","Stor-Blåsjön","","Blåsjön","","","","","","","","","","","","Stor-Blåsjön","","",""
"Q2455280","","","","","Byglandsfjorden","Byglandsfjorden","","Byglandsfjorden","","","","","","","","Byglandsfjord","","","Бюглансфьорд","Byglandsfjorden","","",""
"Q1958265","","","","","Møsvatnet","Møsvatn","Lago Møs","Møsvatn","","","","","","メース湖","","Møsvatnet","","","Мёсватн","Møsvatn","","",""
"Q1779173","","","كوليما","","Kolima","Kolima","Lago Kolima","","","","","","","","","","","","","Kolima","","",""
"Q2288278","","","سمبل جيرفي","","Simpelejärvi","Simpelejärvi","","","","","","","","","","","","","","Simpelejärvi","","",""
"Q2119554","","","","","Pyhäjärvi","Pyhäjärvi","","","","","","","","","","","","","","Pyhäjärvi","","",""
"Q208926","","","","লাক্স লোমেন্ড","Loch Lomond","Loch Lomond","Loch Lomond","Loch Lomond","","","Loch Lomond","Loch Lomond","Loch Lomond","ローモンド湖","로몬드 호","Loch Lomond","Loch Lomond","Loch Lomond","Лох-Ломонд","Loch Lomond","Lomond Gölü","","洛蒙德湖"
"Q345353","","","","","Łebsko","Łebsko Lake","","","","","","","lago Łebsko","","","Łebsko","Łebsko","","Лебское озеро","","","","韋巴湖"
"Q570564","","","","","Engure-See","Lake Engure","Lago Engure","lac d'Engure","","","","","","","","Engure-meer","Engure","","Энгурес","","","","恩古雷湖"
"Q200003","","","","","Hornindalsvatnet","Hornindalsvatnet","Hornindalsvatnet","Hornindalsvatnet","","","Hornindalsvatnet","Hornindalsvatnet","Hornindalsvatnet","ホルニンダール湖","호르닌달스바트네 호","Hornindalsvatnet","Hornindalsvatnet","","Хорниндальсватнет","Hornindalsvatnet","","","霍寧達爾湖"
"Q307594","","","","","Överuman","Överuman","","Överuman","","","","","","","","Överuman","","","Эверуман","Över-Uman","","","上烏曼湖"
"Q1688781","","","","","Jezioro Gardno","Lake Gardno","","","","","","","lago Gardno","","","Lake Gardno","Gardno","","Гардно","","","","加爾德諾湖"
"Q1263866","","","","","Usma-See","Lake Usma","","","","","","","","","","Usma-meer","","","Усмас","","","","烏斯馬湖"
"Q848917","","","","","Lough Corrib","Lough Corrib","Lago Corrib","Lough Corrib","","","","","Lough Corrib","コリブ湖","","Lough Corrib","Lough Corrib","","Лох-Корриб","Lough Corrib","","","科理布湖"
"Q861703","","","","","Tinnsjå","Tinnsjå","Lago Tinn","Tinnsjå","","","","","","ティン湖","","Tinnsjå","Tinnsjå","","","Tinnsjø","","","廷湖"
"Q704793","","","","","Plauer See","Plauer See","Plauer See","Plauer See","","","Plauer See","Plauer See","lago di Plau","","","Plauer See","Plauer See","Lago Plauer See","Плауэр-Зе","Plauer See","","Plauer See","普勞厄湖"
"Q699572","","","","","Arresø","Arresø","","Arresø","","","","","","","","Arresø","","","Арресё","Arresø","","","阿勒湖"
"Q688154","","","","","Kummerower See","Kummerower See","","lac de Kummerow","","","","","","","","Kummerower See","Kummerower See","Kummerower See","Куммеровер-Зе","Kummerower See","","","庫默羅湖"
"Q2007148","","","","","Tyin","Tyin","","Tyin","","","","","","","","Tyin","","","Тюин","","","","蒂因湖"
"Q4074385","","","","","Babīte-See","","","","","","","","","","","","","","Бабитское озеро","","","","巴比泰湖"
"Q1310646","","","","","Loch Maree","Loch Maree","Lago Maree","Loch Maree","","","","","Loch Maree","","","Loch Maree","Loch Maree","","Лох-Мари","Loch Maree","","","馬里湖"
"Q1346308","","","","","Kivijärvi","Kivijärvi","","Kivijärvi","","","","","","","","","Kivijärvi","","","Kivijärvi","","","基維湖"
"Q1765665","","","","","Mien","Mien","","Mien","","","","","Mien","","","Mien","Mien","","Мин","Mien","","","米恩湖"
"Q1637472","","","","","Rogen","Rogen","","Rogen","","","","","","","","Rogen","","","Руген","Rogen","","","羅根湖"
"Q1762943","","","ليستي جيرفي","","Lestijärvi","Lake Lestijärvi","","","","","","","","","","","","","","Lestijärvi","","","萊斯蒂湖"
"Q1368230","","","","","Loch Awe","Loch Awe","","Loch Awe","","","","","Loch Awe","","","Loch Awe","Awe","","Лох-О","Loch Awe","","","奧湖"
"Q1475224","","","","","Juojärvi","Juojärvi","","Juojärvi","","","","","","","","Juojärvi","","","","Juojärvi","","","尤奧湖"
"Q1795204","","","","","Kyyvesi","Kyyvesi","Kyyvesi","Kyyvesi","","","","","","","","Kyyvesi","","","","Kyyvesi","","","屈韋西湖"
"Q2154067","","","","","Ringsjön","Ringsjön","","Ringsjön","","","","","","","","Ringsjön","","Ringsjön","","Ringsjön","","","灵湖"
"Q1636385","","","","","Krøderen","Krøderen","","Krøderen","","","","","Krøderen","","","Krøderen","","","Крёдерен","Krøderfjorden","","",""
"Q1674433","","","","","Isojärvi","Isojärvi","","","","","","","","","","","","","","Isojärvi","","",""
"Q17710854","","","","","","","","Tisjön","","","","","","","","","","","","Tisjön","","",""
"Q17589493","","","","","","","","Hällbymagasinet","","","","","","","","","","","","Hällbymagasinet","","",""
"Q16498628","","","","","","","","Bergsjön","","","","","","","","","","","","Bergsjön","","",""
"Q16498481","","","","","","","","Bellvikssjön","","","","","","","","","","","","Bellvikssjön","","",""
"Q15286467","","","","","","","","Ajaure","","","","","","","","","","","","Ajaure","","",""
"Q10727586","","","","","","","","Örken","","","","","","","","","","","","Örken","","",""
"Q10727189","","","","","","","","Öjaren","","","","","","","","","","","","Öjaren","","",""
"Q10717650","","","","","","","","Värmeln","","","","","","","","","","","","Värmeln","","",""
"Q10700338","","","","","","","","Torrvarpen","","","","","","","","","","","","Torrvarpen","","",""
"Q10699235","","","","","","","","Toften","","","","","","","","","","","","Toften","","",""
"Q10674115","","","","","","","","Sottern","","","","","","","","","","","","Sottern","","",""
"Q10669878","","","","","","","","Skattungen","","","","","","","","","","","","Skattungen","","",""
"Q16879501","","","","","","Övre Fryken","","Övre Fryken","","","","","","","","Övre Fryken","","","","Övre Fryken","","",""
"Q16879499","","","","","","Mellan-Fryken","","Mellan-Fryken","","","","","","","","Mellanfryken","","","","Mellan-Fryken","","",""
"Q10657331","","","","","","","","Rottnen","","","","","","","","","","","","Rottnen","","",""
"Q10568297","","","","","","","","Ljugaren","","","","","","","","","","","","Ljugaren","","",""
"Q10559585","","","","","","","","Leringen","","","","","","","","","","","","Leringen","","",""
"Q10541844","","","","","","","","Järnsjön","","","","","","","","","","","","Järnsjön","","",""
"Q10534731","","","","","","","","Immeln","","","","","","","","","","","","Immeln","","",""
"Q10525334","","","","","","","","Holmsjön","","","","","","","","","","","","Holmsjön","","",""
"Q10497227","","","","","","","","Flåren","","","","","","","","","","","","Flåren","","",""
"Q10428989","","","","","","","","Betarsjön","","","","","","","","","","","","Betarsjön","","",""
"Q4413412","","","","","Paatari","Lake Paatari","","","","","","","","","","Lake Paatari","","","","Paatari","","",""
"Q4356934","","","","","Pautujärvi","Pautujärvi","","","","","","","","","","Pautujärvi","","","","Pautujärvi","","",""
"Q4992724","","","","","Anten","Anten","","Anten","","","","","","","","Anten","","","","Anten","","",""
"Q3379089","","","","","Tjeggelvas","Tjeggelvas","Tjeggelvas","Tjeggelvas","","","","","","","","Tjeggelvas","Tjeggelvas","Tjeggelvas","","Tjeggelvas","","",""
"Q1018512","","","","","Bygdin","Bygdin","","Bygdin","","","","","","","","Bygdin","","","Бюгдин","Bygdin","","",""
"Q1633266","","","","","Nisser","Nisser","","Nisser","","","","","","","","Nisser","","","Ниссер","Nisser","","",""
"Q1019336","","","","","Båven","Båven","","Båven","","","","","","","","Båven","Båven","","","Båven","","",""
"Q1346948","","","","","Pyhäjärvi","Lake Pyhäjärvi","Lago Pyhä","","","","","","","","","","","","","Pyhäjärvi","","",""
"Q3379065","","","","","Vojmsjön","","","Vojmsjön","","","","","","","","","","","","Vojmsjön","","",""
"Q3378204","","","","","","","","Överst-Juktan","","","","","","","","","","","","Överst-Juktan","","",""
"Q3378145","","","","","","","","Storjuktan","","","","","","","","","","","","Storjuktan","","",""
"Q3377937","","","","","","","","Locknesjön","","","","","","","","","","","","Locknesjön","","",""
"Q3361714","","","","","Yngaren","Yngaren","","Yngaren","","","","","","","","","","","","Yngaren","","",""
"Q3361258","","","","","Tisnaren","Tisnaren","","Tisnaren","","","","","","","","","","","","Tisnaren","","",""
"Q3269287","","","","","Lygnern","Lygnern","","Lygnern","","","","","","","","Lygnern","","","","Lygnern","","",""
"Q2920679","","","","","","Stor-Sjouten","","Stor-Sjouten","","","","","","","","Stor-Sjouten","","","","Stor-Sjouten","","",""
"Q2596081","","","","","","","","Tjaktjajaure","","","","","","","","Tjaktjajaure","","","","Tjaktjajaure","","",""
"Q2476664","","","","","","","","Hennan","","","","","","","","Hennan","","","","Hennan","","",""
"Q3356675","","","","","Farris","Farris","","Farris","","","","","","","","Farris","","","","Farris","","",""
"Q1715675","","","","","Jølstravatnet","Jølstravatn","","Jølstravatnet","","","","","","","","Jølstravatn","","","","Jølstravatnet","","",""
"Q1668380","","","كوستون جيرفي","","Kostonjärvi","Kostonjärvi","","","","","","","","","","Kostonjärvi","","","","Kostonjärvi","","",""
"Q1729327","","","","","Karhijärvi","Karhijärvi","","","","","","","","","","Karhijärvi","","","","Karhijärvi","","",""
"Q1525218","","","","","Iijärvi","Iijärvi","","","","","","","","","","Lake Iijärvi","","","","Iijärvi","","",""
"Q1675882","","","","","Ivösjön","Ivö Lake","","Ivösjön","","","","","lago di Ivö","","","Ivösjön","Ivösjön","Ivösjön","","Ivösjön","","",""
"Q1545197","","","","","Mjörn","Mjörn","","Mjörn","","","","","","","","Mjörn","","Mjörn","","Mjörn","","",""
"Q806255","","","بانداك","","Bandak","Bandak","","Bandak","","","","","","","","Bandak","","","Баннак","Bandak","","",""
"Q1814101","","","","","","","","Hammarsjön","","","","","","","","","","","","Hammarsjön","","",""
"Q1795189","","","","","Kyrösjärvi","Kyrösjärvi","","","","","","","","","","Kyrösjärvi","","","","Kyrösjärvi","","",""
"Q1772671","","","","","Grasvatnet","Grasvatnet","","Gräsvattnet","","","","","","","","Grasvatnet","","","","Gräsvattnet","","",""
"Q1805733","","","","","Tåkern","Tåkern","Tåkern","Tåkern","","","","","Tåkern","","","Tåkern","Tåkern","Tåkern","","Tåkern","","",""
"Q1851416","","","","","Orsasjön","Orsa Lake","Lago Orsa","Orsasjön","","","","","","","","Orsasjön","","Lago Orsasjön","","Orsasjön","","",""
"Q2117326","","","","","","Tämnaren","","Tämnaren","","","","","","","","Tämnaren","","Tämnaren","","Tämnaren","","",""
"Q456377","","","","","Kölpinsee","Kölpinsee","","Kölpinsee","","","","","Kölpinsee","","","Kölpinsee","Kölpinsee","","Кёлпинзее","Kölpinsee","","",""
"Q545033","","","","","Randsfjord","Randsfjorden","Randsfjorden","Randsfjorden","","","","","","","","Randsfjord","Randsfjorden","","Раннсфьорден","Randsfjorden","","",""
"Q1351230","","","","","Miekojärvi","Miekojärvi","","Miekojärvi","","","","","","","","Miekojärvi","","","","Miekojärvi","","",""
"Q1303816","","","","","Eikesdalsee","Eikesdalsvatnet","","Eikesdalsvatnet","","","","","","","","Eikesdalsvatnet","","","","Eikesdalsvatnet","","",""
"Q1146737","","","","","Runn","Runn","","Runn","","","","","","","","Runn","","","","Runn","","",""
"Q1144485","","","","","Näldsjön","Näldsjön","","Näldsjön","","","","","","","","Näldsjön","","","","Näldsjön","","",""
"Q1301936","","","","","Vidöstern","","","Vidöstern","","","","","","","","Vidöstern","","","","Vidöstern","","",""
"Q1351656","","","ميتوس جيرفي","","Mutusjärvi","Mutusjärvi","","","","","","","","","","Mutusjärvi","","","","Muddusjärvi","","",""
"Q1474746","","","","","Helgasjön","Helgasjön","","Helgasjön","","","","","","","","Helgasjön","","Lago Helga","","Helgasjön","","",""
"Q465050","","","","","Storvindeln","Storvindeln","","Storvindeln","","","","","","","","","","","","Storvindeln","","",""
"Q673714","","","هيدنفيسي","","Hiidenvesi","Hiidenvesi","","","","","","","","","","Hiidenvesi","","","","Hiidenvesi","","",""
"Q732672","","","","","Rostojávri","Rostojávri","Rostojávri","Rostojávri","","","","","","","","Rostojávri","","","","Råstojaure","","",""
"Q676523","","","","","Möckeln","Möckeln","","Möckeln","","","","","","","","Möckeln","","","","Möckeln","","",""
"Q1018507","","","","","Bygdeträsket","Bygdeträsket","","Bygdeträsket","","","","","","","","","","Bygdeträsket","","Bygdeträsket","","",""
"Q175674","","","","","Norsjø","Norsjø","Lago Nor","Norsjø","","","","","","","","Norsjø","","","","Norsjø","","",""
"Q248626","","","","","Glafsfjorden","Glafsfjorden","Glafsfjorden","Glafsfjorden","","","","","","","","Glafsfjord","","Glafsfjorden","","Glafsfjorden","","",""
"Q271320","","","","","Åsunden","Åsunden","","Åsunden","","","","","","","","Åsunden","","Åsunden","","Åsunden","","",""
"Q450031","","","","","Selenter See","Selenter See","Selenter See","Selenter See","","","Selenter See","Selenter See","lago di Selent","","","Selenter See","Selenter See","Selenter See","","Selenter See","","Selenter See",""
"Q6396","","","","","Neusiedler See","Neusiedl Lake","Neusiedl","lac de Neusiedl","","न्युसिडल झील","Fertő","","lago di Neusiedl","ノイジードル湖","노이지들러 호","Neusiedler Meer","Jezioro Nezyderskie","Lago de Neusiedl","Нойзидлер-Зе","Neusiedlersjön","Neusiedl Gölü","Hồ Neusiedler","新錫德爾湖"
"Q4138","","","","","Chiemsee","Chiemsee","Chiemsee","lac de Chiem","","","Chiemsee","","Chiemsee","キーム湖","킴 호","Chiemsee","Chiem","Lago Chiemsee","Кимзе","Chiemsee","","Chiemsee","基姆湖"
"Q14375","","","","","Neuenburgersee","Lake Neuchâtel","Neuchâtel","lac de Neuchâtel","Λίμνη Νεσατέλ","","Neuchâteli-tó","Danau Neuchâtel","lago di Neuchâtel","ヌーシャテル湖","뇌샤텔 호","Meer van Neuchâtel","Neuchâtel","Lago de Neuchâtel","Невшательское озеро","Neuchâtelsjön","Neuchâtel Gölü","","纳沙泰尔湖"
"Q14381","","","","","Vierwaldstättersee","Lake Lucerne","Lago de los Cuatro Cantones","lac des Quatre-Cantons","","","Vierwaldstätti-tó","Danau Luzern","lago dei Quattro Cantoni","ルツェルン湖","루체른 호","Vierwoudstrekenmeer","Jezioro Czterech Kantonów","Lago dos Quatro Cantões","Фирвальдштетское озеро","Vierwaldstättersjön","Dört kanton Gölü","","琉森湖"
"Q14407","","","بحيرة زيورخ","","Zürichsee","Lake Zurich","Lago de Zúrich","lac de Zurich","","","Zürichi-tó","","lago di Zurigo","チューリッヒ湖","취리히 호","Meer van Zürich","Jezioro Zuryskie","Lago de Zurique","Цюрихское озеро","Zürichsjön","Zürih Gölü","","苏黎世湖"
"Q14429","","","","","Bielersee","Lake Biel","Lago de Biel/Bienne","lac de Bienne","","","Bieli-tó","","lago di Bienne","ビール湖","빌 호","Meer van Biel","Bielersee","Lago de Bienna","Бильское озеро","Bielsjön","","","比爾湖"
"Q14426","","","بحيرة ثون","","Thunersee","Lake Thun","Thun","lac de Thoune","","","Thuni-tó","Danau Thun","lago di Thun","トゥーン湖","","Meer van Thun","Thun","Lago de Thun","Тунское озеро","Thunsjön","","","图恩湖"
"Q14418","","","","","Luganersee","Lake Lugano","Lago de Lugano","lac de Lugano","Λίμνη Λουγκάνο","","Luganói-tó","Danau Lugano","lago di Lugano","ルガーノ湖","루가노 호","Meer van Lugano","Lugano","Lago de Lugano","Лугано","Luganosjön","Lugano Gölü","Hồ Lugano","盧加諾湖"
"Q14436","","","","","Zugersee","Lake Zug","Lago de Zug","lac de Zoug","","","Zugi-tó","","lago di Zugo","ツーク湖","추크 호","Meer van Zug","Zug","Lago de Zug","Цугское озеро","Zugsjön","","","楚格湖"
"Q14442","","","بحيرة برينز","","Brienzersee","Lake Brienz","Lago de Brienz","lac de Brienz","","","Brienzi-tó","","lago di Brienz","ブリエンツ湖","","Meer van Brienz","Brienz","Lago de Brienz","Бриенцское озеро","Brienzsjön","","","布里恩茨湖"
"Q14444","","","","","Walensee","Walensee","Lago de Walen","lac de Walenstadt","","","Walensee","","lago di Walen","ヴァレン湖","","Walenmeer","Walensee","Lago Walen","Валензе","Walensee","","","瓦伦湖"
"Q14448","","","","","Murtensee","Lake Murten","Lago de Murten/Morat","lac de Morat","","","Murteni-tó","","lago di Morat","ムルテン湖","무르텐 호","Meer van Murten","","Lago Murten","Муртенское озеро","Murtensee","","","穆尔滕湖"
"Q15523","","","بحيرة كومو","","Comer See","Lake Como","Lago de Como","lac de Côme","λίμνη Κόμο","","Comói-tó","Danau Como","lago di Como","コモ湖","코모 호","Comomeer","Como","Lago de Como","Комо","Comosjön","Como Gölü","Hồ Como","科莫湖"
"Q117036","","","","","Schotosero","Shotozero","","","","","","","","","","Sjotozero","","","Шотозеро","","","","紹托澤羅湖"
"Q15648","","","","","Iseosee","Lake Iseo","Lago Iseo","lac d'Iseo","","","Iseói-tó","","lago d'Iseo","イゼーオ湖","","Iseomeer","Iseo","Lago de Iseo","Изео","Iseosjön","","Hồ Iseo","伊塞奧湖"
"Q158077","","","بحيرة","","Dojransee","Dojran Lake","Lago Doiran","lac Doïran","Δοϊράνη","","","","lago Dojran","ドイラン湖","","Doiranmeer","Dojran","","Дойранское озеро","Dojransjön","Doyran Gölü","","多伊蘭湖"
"Q131615","","","بحيرة شتارنبيرغير","","Starnberger See","Lake Starnberg","Lago de Starnberg","lac de Starnberg","","","Starnbergi-tó","Danau Starnberg","lago di Starnberg","シュタルンベルク湖","슈타른베르크 호","Starnberger See","Starnberger See","Lago Starnberger","Штарнбергер-Зе","Starnbergsjön","","Hồ Starnberg","施坦贝尔格湖"
"Q188487","","","بحيرة تراسيمينو","","Trasimenischer See","Lake Trasimeno","Lago Trasimeno","lac Trasimène","","","Trasimeno-tó","","lago Trasimeno","トラジメーノ湖","트라시메노 호","Trasimeense Meer","Jezioro Trazymeńskie","Lago Trasimeno","Тразимено","Lago Trasimeno","Trasimeno Gölü","","特拉西梅诺湖"
"Q165782","","","","","Steinhuder Meer","Steinhuder Meer","Steinhuder Meer","lac de Steinhude","","","Steinhuder Meer","Steinhuder Meer","lago di Steinhuder","","","Steinhuder Meer","Steinhuder Meer","Steinhuder Meer","","Steinhuder Meer","","Steinhuder Meer","施泰因胡德湖"
"Q192369","","","بحيرة إزنيق","","İznik Gölü","Lake İznik","Lago de İznik","lac d'Iznik","Ιζνίκ","","","","lago di İznik","","","Lake Iznik","","","Изник","","İznik Gölü","","伊兹尼克湖"
"Q250907","","","","","Traunsee","Traunsee","","Traunsee","","","Traunsee","","Traunsee","トラウン湖","트라운 호","Traunsee","Traunsee","","Траунзе","Traunsee","","","特勞恩湖"
"Q208180","","","بحيرة بولزينا","","Bolsenasee","Lake Bolsena","Lago de Bolsena","lac de Bolsena","Λίμνη Μπολσένα","","","Danau Bolsena","lago di Bolsena","ボルセーナ湖","볼세나 호","Meer van Bolsena","Bolsena","Lago Bolsena","Больсена","Bolsenasjön","","","博赛纳湖"
"Q265336","","","","","Ammersee","Ammersee","Lago Ammer","lac Ammer","","","Ammersee","Ammersee","Ammersee","アマー湖","","Ammersee","Ammer","Lago Ammersee","Аммерзе","Ammersee","","Hồ Ammer","阿默湖"
"Q272986","","","","","Çıldır Gölü","Lake Çıldır","Lago Çıldır","lac Çıldır","","","Bolond-tó","","","","","","","","Чилдыр","","Çıldır Gölü","","徹爾德爾湖"
"Q424815","","","","","Akşehir Gölü","Lake Akşehir","Lago Aksehir","lac d'Akşehir","","","","","","アクシェヒル湖","","","","","Акшехир","","Akşehir Gölü","","阿克謝希爾湖"
"Q573134","","","","","Tulos","Lake Tulos","","lac Toulos","","","","","","","","Toelos","","","Тулос","","","","圖洛斯湖"
"Q546146","","","بحيرة ورثير سي","","Wörthersee","Wörthersee","Wörthersee","Wörthersee","","","Wörthi-tó","","Wörther See","ヴェルター湖","뵈르트 호","Wörthersee","","Wörthersee","Вёртер-Зе","Wörthersee","","","韋爾特湖"
"Q572552","","","","","Miedwie","Miedwie","","Miedwie","","","","","lago Miedwie","","","Miedwie","Miedwie","Lago Miedwie","","Miedwie","","","梅德維湖"
"Q868012","","","","","","Lake Sapanca","","lacus Boanensis","Βοάνη","","","","","","","","","","Сапанджа","","Sapanca Gölü","","薩潘賈湖"
"Q601695","","","","","Marmara Gölü","Lake Marmara","Lago Mármara","","","","Marmara-tó","","","","","","","","","","Marmara Gölü","","馬爾馬拉湖"
"Q698516","","","","","Attersee","Attersee","","Attersee","","","Attersee","","Attersee","アッター湖","아터 호","Attersee","Attersee","","Аттерзе","Attersee","","","阿特湖"
"Q776956","","","","","Pamvotida-See","Lake Ioannina","Pamvótida","lac Pamvotida","Παμβώτιδα","","","","lago Pamvotida","ヨアニナ湖","","Meer van Ioannina","","","Янина","Límni Pamvótida","","","約阿尼納湖"
"Q799781","","","","","Bafa Gölü","Lake Bafa Nature Park","","lac Bafa","","","","","lago di Bafa","","","Lake Bafa Nature Park","","","Бафа","","Bafa Gölü","Hồ Bafa","巴法湖"
"Q1010475","","","بحيرة بوردور","","Burdur Gölü","Lake Burdur","Lago de Burdur","lac de Burdur","","","Burdur-tó","","","","","","Jezioro Burdur","","Бурдур","","Burdur Gölü","","布爾杜爾湖"
"Q896551","","","","","Braccianosee","Lake Bracciano","Lago de Bracciano","lac de Bracciano","Λα Μαρμότα","","","","lago di Bracciano","ブラッチャーノ湖","","Meer van Bracciano","Bracciano","Lago de Bracciano","Браччано","Braccianosjön","Bracciano Gölü","","布拉恰诺湖"
"Q1012060","","","","","Goplosee","Gopło","","","","","Gopło-tó","","lago Gopło","ゴプウォ湖","","Gopło","Gopło","","","","","","戈普沃湖"
"Q1366366","","","","","Erçek Gölü","Lake Erçek","","","","","","","lago di Erçek","","","Lake Erçek","","","Эрчек","","Erçek Gölü","","埃尔切克湖"
"Q1072359","","","","","Theiß-See","Lake Tisza","Lago Tisza","lac Tisza","","","Tisza-tó","","lago del Tibisco","","","Lake Tisza","Cisa","","Тиса","Tiszasjön","Tisza Gölü","","小克賴水庫"
"Q1111856","","","","","","","Embalse de Krasnodar","","","","","","","","","Krasnodarskoe vodochranilisjtsje","","","Краснодарское водохранилище","","","","克拉斯諾達爾水庫"
"Q1256020","","","","","Drawsko","Drawsko Lake","","","","","","","lago Drawsko","","","Drawsko Lake","Drawsko","","","","","","德拉瓦湖"
"Q1422965","","","","","Trichonida-See","Lake Trichonida","Lago Triconida","lac Trichonida","Τριχωνίδα","","","","Trichonida","トリホニダ湖","","Lake Trichonida","","","Трихонис","Trichonida","","","特里霍尼扎湖"
"Q1891954","","","","","Manyas Gölü","Lake Kuş","Lago Manyas","lac de Manyas","","","","","","","","","","","Куш","","Manyas Kuşgölü","","曼尼亞斯湖"
"Q1529077","","","","","Yliki-See","Lake Yliki","Lago Iliki","lac Yliki","Υλίκη","","","","","","","","","","Илики","","","","伊莉科湖"
"Q1789433","","","","","Mandra-See","Lake Mandrensko","","","","","","","","","","","","","Мандра","Mandra","","","曼德倫斯科湖"
"Q1472501","","","","","Koronia-See","Lake Koroneia","Lago Koronia","lac Koronia","Κορώνεια","","","","lago di Koroneia","","","Lake Koroneia","","","Корония","Límni Koróneia","","","柯洪內亞湖"
"Q2661366","","","","","Köyceğiz Gölü","Lake Köyceğiz","","","Λίμνη Κοϊτσεγκίζ","","","","Lago di Köyceğiz","キョイジェイズ湖","","Meer van Köyceğiz","Köyceğiz Gölü","","Кёйджегиз","","Köyceğiz Gölü","","克伊傑伊茲湖"
"Q2380189","","","بحيرة هزار","","","Lake Hazar","Lago Hazar","lac Hazar","","","","","","","","","","","","","Hazar Gölü","","哈扎爾湖"
"Q2330113","","","","","Jalpuhsee","Yalpug Lake","Lago Yalpug","lac Yalpug","","","","","","","","","Jałpuh","","Ялпуг","","","","亞爾普格湖"
"Q2578909","","","","","","Sheksna Reservoir","Embalse de Sheksná","","","","","","","","","","","","Шекснинское водохранилище","","","","舍克斯納水庫"
"Q2560795","","","","","","Molochnyi Liman","Limán del Molochna","","","","","","","","","","","","Молочный лиман","","","","莫洛奇涅湖"
"Q2448784","","","","","","Lake Chudzyavr","","","","","","","","","","Tsjoedzjavr","","","Чудзьявр","","","","丘濟亞夫爾湖"
"Q2349076","","","","","","Lake Manych-Gudilo","","lac Manytch-Goudilo","","","","","","マヌィチ・グジロ湖","","Manitsj-Goedilo","Manycz-Gudiło","","Маныч-Гудило","","","Hồ Manych-Gudilo","馬內奇古季洛湖"
"Q3234128","","","","","","Lake Salda","Lago Salda","lac de Salda","","","Salda-tó","","","","","","","","","","Salda Gölü","","薩爾達湖"
"Q4809067","","","","","Uluabat Gölü","Lake Uluabat","Lago Uluabat","","","","","","","","","","","","","","Uluabat Gölü","","烏盧巴特湖"
"Q4413650","","","","","","","","","","","","","","","","","","","Селецкое озеро","","","","謝列茨湖"
"Q4868539","","","","","","Batak Reservoir","","","","","","","","","","","","","","Batak","","","巴塔克水庫"
"Q6395796","","","","","","Iskar Reservoir","","","","","","","","イスクル貯水池","","","","","Искыр","","","","伊斯克爾水庫"
"Q4171154","","","","","","Lake Durusu","","","","","","","","","","","","","Дурусу","","Durusu Gölü","",""
"Q6048583","","","","","Seyfe Gölü","","","","","","","","","","","","","","","","Seyfe Gölü","",""
"Q20476882","","","","","","","","","","","","","","","","","","","","","Yay Gölü","",""
"Q1475796","","","","","Plastira-Stausee","Lake Plastiras","Lago Plastíra","lac Plastiras","Λίμνη Πλαστήρα","","","","","","","","","","Тавропос","","","",""
"Q2097063","","","","","Pistojärvi","","","","","","","","","","","Pistajarvi","","","Пистаярви","","","",""
"Q4220339","","","","","","","Limán Kiziltashki","","","","","","","","","","","","Кизилташский лиман","","","",""
"Q4109765","","","","","","","","","","","","","","","","","","","Весёловское водохранилище","","","",""
"Q4117238","","","بحيرة القادسية","","","Lake Qadisiyah","","","","","","","","","","","","","Кадисия","","","",""
"Q3072369","","","سبخة الجبول","","","Sabkhat al-Jabbul","Lago Jabbūl","lac Jabbūl","","","","","","","","","","","Джаббуль","","","",""
"Q16703287","","","","","","","","","","","","","","","","","","","Сумозеро","","","",""
"Q16692204","","","","","","","","","","","","","","","","","","","Ровкульское","","","",""
"Q11889019","","","","","","","","","","","","","","","","","","","Пулозеро","","","",""
"Q258818","","","","","Lac de Sainte-Croix","Lake of Sainte-Croix","","lac de Sainte-Croix","","","","Danau Sainte-Croix","lago di Sainte-Croix","","","Lac de Sainte-Croix","Lac de Sainte-Croix","","","","","",""
"Q2227582","","","","","Tjeukemeer","","","Tsjûkemar","","","","","Tsjûkemar","","","Tjeukemeer","Tjeukemeer","","","","","",""
"Q3215346","","","","","","","","lac d'Orient","","","","","","","","","Lac d’Orient","","","","","",""
"Q6686132","","","","","Lough Leane","Lough Leane","","Lough Leane","","","","","","レイン湖","","","Lough Leane","","","","","",""
"Q5551525","","","","","","Lake Taşaul","Tasaul","","","","","","","","","","","","","","","",""
"Q3377306","","","","","","","","Petit étang de Biscarrosse","","","","","","","","","","","","","","",""
"Q3591682","","","","","","Étang de Cazaux et de Sanguinet","","étang de Cazaux et de Sanguinet","","","","","Lago di Cazaux e di Sanguinet","","","Étang de Cazaux et de Sanguinet","","","","","","",""
"Q1593475","","","","","Heegermeer","","","Heegermeer","","","","","","","","Heegermeer","","","","","","",""
"Q25134534","","","","","","","","","","","","","","","","","","","","Límni Kastorías","","",""
"Q25125761","","","","","","","","","","","","","","","","","","","","Límni Vistonída","","",""
"Q24328415","","","","","","","","","","","","","","","","","","","","Karpanjärvi","","",""
"Q7362256","","","فيكي جيرفي","","Viekijärvi","Viekijärvi","","","","","","","","","","","","","","Viekinjärvi","","",""
"Q7362767","","","","","Suuri-Onkamo","Suuri-Onkamo","","","","","","","","","","","","","","Suuri Onkamojärvi","","",""
"Q7362746","","","","","Suininki","Suininki","","","","","","","","","","","","","","Suininki","","",""
"Q4110998","","","فياكسنسيلكا","","Viiksinselkä","Viiksinselkä","","","","","","","","","","","","","Виксинселькя","Viiksinselkä","","",""
"Q1739269","","","","","Kerkini-See","Lake Kerkini","Lago Kerkini","Kerkini","Κερκίνη","","","","","","","Kerkinimeer","","","Керкини","Límni Kerkíni","","",""
"Q926593","","","","","Kremasta-Stausee","Kremasta","","Kremasta","Λίμνη Κρεμαστών","","","","Kremasta","クレマスタ湖","","Kremasta","","","Кремаста","Technití Límni Kremastón","","",""
"Q576704","","","","","Lac d’Annecy","Lake Annecy","Lago de Annecy","lac d'Annecy","","","","","lago di Annecy","アヌシー湖","","Meer van Annecy","Annecy","Lago de Annecy","Аннеси","Annecysjön","","",""
"Q281748","","","","","Vegoritida-See","Lake Vegoritida","Lago Vegorítida","lac Vegoritida","Βεγορίτιδα","","","","lago di Vegoritida","","","Lake Vegoritida","","Lago Vegoritida","Вегоритис","Ostrovosjön","","",""
"Q23426","","","","","Lac du Bourget","Lac du Bourget","Lago del Bourget","lac du Bourget","","","","","lago del Bourget","ブルジェ湖","","Meer van Bourget","Jezioro Bourget","Lago do Bourget","Лак-дю-Бурже","Bourgetsjön","","",""
"Q1535929","","","","","Lac de Hourtin et de Carcans","Lac d'Hourtin-Carcans","Lago de Hourtin y Carcans","lac d'Hourtin et de Carcans","","","","","lago di Hourtin e di Carcans","","","Lac d'Hourtin-Carcans","","","","","","Lac de Hourtin et de Carcans",""
